{
  "timestamp": "2026-04-27 11:52:22",
  "runs_per_metric": 10,
  "nodes": [
    "192.168.56.11",
    "192.168.56.12",
    "192.168.56.13"
  ],
  "results": {
    "M1": {
      "min": 2.127660,
      "median": 5.000000,
      "max": 5.555556,
      "stddev": 0.583532,
      "unit": "MB/s",
      "samples": [5.000000, 5.000000, 5.000000, 4.761905, 5.263158, 2.127660, 5.000000, 5.263158, 5.263158, 5.000000, 5.000000, 5.263158, 5.000000, 5.000000, 5.000000, 4.761905, 5.000000, 5.000000, 5.263158, 5.263158, 5.263158, 5.263158, 5.263158, 5.000000, 5.555556, 5.555556, 5.263158, 5.555556, 5.000000, 5.555556],
      "samples_per_node": {
        "192.168.56.11": [5.000000, 5.000000, 5.000000, 4.761905, 5.263158, 2.127660, 5.000000, 5.263158, 5.263158, 5.000000],
        "192.168.56.12": [5.000000, 5.263158, 5.000000, 5.000000, 5.000000, 4.761905, 5.000000, 5.000000, 5.263158, 5.263158],
        "192.168.56.13": [5.263158, 5.263158, 5.263158, 5.000000, 5.555556, 5.555556, 5.263158, 5.555556, 5.000000, 5.555556]
      }
    },
    "M2": {
      "min": 12.500000,
      "median": 20.000000,
      "max": 25.000000,
      "stddev": 2.458208,
      "unit": "MB/s",
      "samples": [20.000000, 20.000000, 20.000000, 25.000000, 20.000000, 20.000000, 25.000000, 16.666667, 20.000000, 20.000000, 20.000000, 14.285714, 20.000000, 20.000000, 20.000000, 20.000000, 16.666667, 20.000000, 16.666667, 20.000000, 16.666667, 12.500000, 20.000000, 20.000000, 20.000000, 20.000000, 20.000000, 20.000000, 20.000000, 16.666667],
      "samples_per_node": {
        "192.168.56.11": [20.000000, 20.000000, 20.000000, 25.000000, 20.000000, 20.000000, 25.000000, 16.666667, 20.000000, 20.000000],
        "192.168.56.12": [20.000000, 14.285714, 20.000000, 20.000000, 20.000000, 20.000000, 16.666667, 20.000000, 16.666667, 20.000000],
        "192.168.56.13": [16.666667, 12.500000, 20.000000, 20.000000, 20.000000, 20.000000, 20.000000, 20.000000, 20.000000, 16.666667]
      }
    },
    "M4": {
      "min": 0.140000,
      "median": 0.150000,
      "max": 0.160000,
      "stddev": 0.005538,
      "unit": "seconds",
      "samples": [0.140000, 0.140000, 0.140000, 0.140000, 0.150000, 0.150000, 0.150000, 0.150000, 0.140000, 0.140000, 0.150000, 0.140000, 0.140000, 0.140000, 0.160000, 0.150000, 0.150000, 0.150000, 0.140000, 0.140000, 0.150000, 0.150000, 0.140000, 0.140000, 0.150000, 0.150000, 0.150000, 0.150000, 0.150000, 0.150000],
      "samples_per_node": {
        "192.168.56.11": [0.140000, 0.140000, 0.140000, 0.140000, 0.150000, 0.150000, 0.150000, 0.150000, 0.140000, 0.140000],
        "192.168.56.12": [0.150000, 0.140000, 0.140000, 0.140000, 0.160000, 0.150000, 0.150000, 0.150000, 0.140000, 0.140000],
        "192.168.56.13": [0.150000, 0.150000, 0.140000, 0.140000, 0.150000, 0.150000, 0.150000, 0.150000, 0.150000, 0.150000]
      }
    },
    "M5": {
      "min": 21.000000,
      "median": 23.000000,
      "max": 30.000000,
      "stddev": 2.330713,
      "unit": "ms/file",
      "samples": [23.000000, 22.000000, 22.000000, 22.000000, 22.000000, 22.000000, 23.000000, 22.000000, 22.000000, 22.000000, 23.000000, 21.000000, 22.000000, 22.000000, 22.000000, 23.000000, 23.000000, 27.000000, 30.000000, 26.000000, 27.000000, 25.000000, 24.000000, 24.000000, 27.000000, 24.000000, 29.000000, 26.000000, 26.000000, 26.000000],
      "samples_per_node": {
        "192.168.56.11": [23.000000, 22.000000, 22.000000, 22.000000, 22.000000, 22.000000, 23.000000, 22.000000, 22.000000, 22.000000],
        "192.168.56.12": [23.000000, 21.000000, 22.000000, 22.000000, 22.000000, 23.000000, 23.000000, 27.000000, 30.000000, 26.000000],
        "192.168.56.13": [27.000000, 25.000000, 24.000000, 24.000000, 27.000000, 24.000000, 29.000000, 26.000000, 26.000000, 26.000000]
      }
    }
  }
}
